product_code,pdf_page,image_file,pdf_image_xref,image_y,model_hint
K-5402IN-ZZ-0,6,K-5402IN-ZZ-0.jpeg,349,120.8,in
K-5401IN-0,6,K-5401IN-0.jpeg,362,203.9,Veil®
K-28529IN-0,6,K-28529IN-0.jpeg,370,280.2,Leap™
K-38519IN-0,6,K-38519IN-0.jpeg,378,378.5,(K-28362IN-2-0)
K-26995IN-2-0,6,K-26995IN-2-0.jpeg,382,462.7,Brazn™
K-28786IN-0,6,K-28786IN-0.jpeg,384,543.9,Veil®
K-27792IN-0,6,K-27792IN-0.jpeg,386,648.9,(K-32387IN-0)
K-31014IN-0,6,K-31014IN-0.jpeg,388,728.6,Veil®
K-28362IN-2-0,7,K-28362IN-2-0.jpeg,395,94.6,(Elongated)
K-28820IN-0,7,K-28820IN-0.jpeg,397,178.2,(for
K-4108IN-0,7,K-4108IN-0.jpeg,399,250.9,C3-230
K-32387IN-0,7,K-32387IN-0.jpeg,401,331.9,E880
K-8297IN-0,7,K-8297IN-0.jpeg,403,411.3,C3-150
K-8196IN-0,7,K-8196IN-0.jpeg,405,482.9,Compatible
K-72757IN-0,7,K-72757IN-0.jpeg,407,571.5,Compatible
K-32275IN-HC-0,7,K-32275IN-HC-0.jpeg,409,679.5,K-28780IN-HC-0:
K-29958IN-0,8,K-29958IN-0.jpeg,416,130.9,Replay™
K-8688T-S-0,8,K-8688T-S-0.jpeg,420,269.7,One-piece
K-28220T-SL-0,8,K-28220T-SL-0.jpeg,424,358.2,One-piece
K-1381T-S-0,8,K-1381T-S-0.jpeg,426,465.0,One-piece
K-17629IN-SM-0,8,K-17629IN-SM-0.jpeg,428,575.4,One-piece
K-3983IN-S-0,8,K-3983IN-S-0.jpeg,430,690.5,One-piece
K-27791IN-WAF-0,9,K-27791IN-WAF-0.jpeg,444,551.9,True
K-27791IN-WRGD-0,9,K-27791IN-WRGD-0.jpeg,448,638.0,True
K-27791IN-HL1,9,K-27791IN-HL1.jpeg,452,717.1,True
K-27791IN-HB1,10,K-27791IN-HB1.jpeg,460,75.4,True
K-27791IN-HP1,10,K-27791IN-HP1.jpeg,462,156.4,True
K-27791IN-0,10,K-27791IN-0.jpeg,464,235.7,True
K-75708IN-7,10,K-75708IN-7.jpeg,466,316.0,Rimless
K-75708IN-SS-0,10,K-75708IN-SS-0.jpeg,468,398.4,Rimless
K-26994IN-2-HB1,10,K-26994IN-2-HB1.jpeg,472,472.7,Rimless
K-26994IN-2-0,10,K-26994IN-2-0.jpeg,474,555.9,Rimless
K-26998IN-TKB,10,K-26998IN-TKB.jpeg,478,635.9,True
K-38991IN-K4,10,K-38991IN-K4.jpeg,480,715.6,True
K-26998IN-7,11,K-26998IN-7.jpeg,486,561.4,Vive®
K-26998IN-0,11,K-26998IN-0.jpeg,488,643.2,True
K-33677IN-0,11,K-33677IN-0.jpeg,492,722.6,REV360™
K-28922IN-S-7,12,K-28922IN-S-7.jpeg,504,76.6,Rimless
K-28922IN-S-0,12,K-28922IN-S-0.jpeg,506,152.9,Rimless
K-38989IN-K4,12,K-38989IN-K4.jpeg,508,234.3,True
K-20217IN-S-7,12,K-20217IN-S-7.jpeg,510,310.9,True
K-20217IN-S-0,12,K-20217IN-S-0.jpeg,512,391.1,True
K-32410IN-K4,12,K-32410IN-K4.jpeg,514,472.8,True
K-32409IN-7,12,K-32409IN-7.jpeg,516,554.8,True
K-32409IN-0,12,K-32409IN-0.jpeg,518,636.7,True
K-29150IN-K4,12,K-29150IN-K4.jpeg,520,719.3,True
K-30306IN-7,13,K-30306IN-7.jpeg,525,77.2,True
K-30306IN-0,13,K-30306IN-0.jpeg,527,157.0,True
K-28778IN-0,13,K-28778IN-0.jpeg,529,235.5,Square
K-29174IN-S-0,13,K-29174IN-S-0.jpeg,531,311.6,Square
K-18131IN-S-0,13,K-18131IN-S-0.jpeg,533,387.8,Quiet-Close™
K-17661K-S-0,13,K-17661K-S-0.jpeg,535,470.4,Odeon
K-33926IN-P-0,14,K-33926IN-P-0.jpeg,561,76.7,Pneumatic
K-31538IN-NA,14,K-31538IN-NA.jpeg,565,258.6,Pneumatic
K-24555IN-P-CP,14,K-24555IN-P-CP.jpeg,567,384.0,Pneumatic
K-1225108-0,14,K-1225108-0.jpeg,571,657.3,Dual
K-1331800,14,K-1331800.jpeg,573,718.5,One
K-1036902,16,K-1036902.jpeg,594,64.0,Vario
K-1224238-IN-0,16,K-1224238-IN-0.jpeg,600,170.3,M12
K-1213309-0,16,K-1213309-0.jpeg,604,363.5,M12
K-1527926,16,K-1527926.jpeg,608,416.1,Connector
K-24146IN-7,16,K-24146IN-7.jpeg,610,593.6,Touchless
K-24149IN-F-BN,16,K-24149IN-F-BN.jpeg,612,655.9,Pneumatic
K-24149IN-F-BV,16,K-24149IN-F-BV.jpeg,614,717.0,Pneumatic
K-24151IN-F-BN,17,K-24151IN-F-BN.jpeg,620,72.1,faceplate
K-24151IN-F-BV,17,K-24151IN-F-BV.jpeg,622,128.8,faceplate
K-75891IN-M-BRD,17,K-75891IN-M-BRD.jpeg,624,193.6,Mechanical
K-75891IN-M-BV,17,K-75891IN-M-BV.jpeg,626,255.8,Mechanical
K-75890IN-P-RGD,17,K-75890IN-P-RGD.jpeg,628,316.4,Pneumatic
K-75890IN-P-BN,17,K-75890IN-P-BN.jpeg,630,384.0,Pneumatic
K-75890IN-P-AF,17,K-75890IN-P-AF.jpeg,632,451.7,Pneumatic
K-75890IN-P-BL,17,K-75890IN-P-BL.jpeg,634,517.9,Pneumatic
K-75891IN-M-0,17,K-75891IN-M-0.jpeg,636,588.3,Mechanical
K-75891IN-M-7,17,K-75891IN-M-7.jpeg,638,656.5,Mechanical
K-75891IN-M-CP,17,K-75891IN-M-CP.jpeg,640,725.2,Mechanical
K-75890IN-P-0,19,K-75890IN-P-0.jpeg,650,76.6,Pneumatic
K-75890IN-P-7,19,K-75890IN-P-7.jpeg,652,141.3,Pneumatic
K-33639IN-P-CP,19,K-33639IN-P-CP.jpeg,656,212.8,compartment
K-75890IN-P-CP,19,K-75890IN-P-CP.jpeg,658,284.9,Pneumatic
K-5413IN-P-CP,19,K-5413IN-P-CP.jpeg,660,353.3,Pneumatic
K-28475IN-M-CP,19,K-28475IN-M-CP.jpeg,662,422.6,faceplate
K-28476IN-M-CP,19,K-28476IN-M-CP.jpeg,664,487.2,faceplate
K-22930IN-NA,22,K-22930IN-NA.jpeg,682,78.2,1016mm
K-22932IN-NA,22,K-22932IN-NA.jpeg,684,141.7,1016mm
K-22929IN-NA,22,K-22929IN-NA.jpeg,686,202.4,762mm
K-22928IN-NA,22,K-22928IN-NA.jpeg,688,261.5,1016mm
K-22931IN-NA,22,K-22931IN-NA.jpeg,690,319.3,762mm
K-37758IN-NA,22,K-37758IN-NA.jpeg,692,375.0,1016mm
K-31646IN-NA,22,K-31646IN-NA.jpeg,694,432.9,600mm
K-35628IN-NA,22,K-35628IN-NA.jpeg,698,486.5,600mm
K-37877IN-BLL,22,K-37877IN-BLL.jpeg,702,560.6,520mm
K-37880IN-NA,22,K-37880IN-NA.jpeg,706,633.4,550mm
K-37878IN-NA,22,K-37878IN-NA.jpeg,710,693.7,600mm
K-23266IN-NA,23,K-23266IN-NA.jpeg,720,151.5,651mm
K-23265IN-NA,23,K-23265IN-NA.jpeg,722,217.6,600mm
K-29156IN-NA,23,K-29156IN-NA.jpeg,726,290.7,650mm
K-29155IN-NA,23,K-29155IN-NA.jpeg,730,367.8,650mm
K-23268IN-NA,23,K-23268IN-NA.jpeg,732,458.3,1000mm
K-31389IN-NA,23,K-31389IN-NA.jpeg,734,530.0,705mm
K-23264IN-NA,23,K-23264IN-NA.jpeg,736,612.5,1000mm
K-77115IN-NA,23,K-77115IN-NA.jpeg,738,684.7,800mm
K-78282IN-NA,24,K-78282IN-NA.jpeg,744,79.3,762mm
K-81149IN-DA1,24,K-81149IN-DA1.jpeg,746,172.5,1016mm
K-81146IN-DA1,24,K-81146IN-DA1.jpeg,748,253.8,610mm
K-81148IN-DA1,24,K-81148IN-DA1.jpeg,750,324.1,1016mm
K-81145IN-DA1,24,K-81145IN-DA1.jpeg,752,420.4,508mm
K-56152IN-NA,24,K-56152IN-NA.jpeg,754,524.2,405mm
K-56151IN-NA,24,K-56151IN-NA.jpeg,756,614.8,508mm
K-56150IN-NA,24,K-56150IN-NA.jpeg,758,702.4,508mm
K-38674IN-NA,25,K-38674IN-NA.jpeg,763,84.5,508mm
K-3073IN-NA,25,K-3073IN-NA.jpeg,765,173.5,508mm
K-39120IN-BLL,25,K-39120IN-BLL.jpeg,769,270.7,1675mm
K-38368IN-BLL,25,K-38368IN-BLL.jpeg,773,372.3,1675mm
K-30637IN-BGL,25,K-30637IN-BGL.jpeg,777,475.9,610mm
K-30637IN-BLL,25,K-30637IN-BLL.jpeg,781,550.2,610mm
K-30638IN-BGL,25,K-30638IN-BGL.jpeg,785,624.6,508mm
K-30638IN-BLL,25,K-30638IN-BLL.jpeg,789,701.5,508mm
K-26051IN-CPL,26,K-26051IN-CPL.jpeg,795,62.8,1016mm
K-26051IN-BGL,26,K-26051IN-BGL.jpeg,797,152.8,1016mm
K-26051IN-BLL,26,K-26051IN-BLL.jpeg,799,238.7,1016mm
K-26050IN-CPL,26,K-26050IN-CPL.jpeg,801,321.5,712mm
K-26050IN-BGL,26,K-26050IN-BGL.jpeg,803,394.4,712mm
K-26050IN-BLL,26,K-26050IN-BLL.jpeg,805,471.6,712mm
K-26052IN-CPL,26,K-26052IN-CPL.jpeg,807,549.0,560mm
K-26052IN-BGL,26,K-26052IN-BGL.jpeg,809,635.9,560mm
K-26052IN-BLL,26,K-26052IN-BLL.jpeg,811,719.9,560mm
K-38367IN-BLL,27,K-38367IN-BLL.jpeg,818,61.8,1200mm
K-38354IN-BLL,27,K-38354IN-BLL.jpeg,822,147.7,1200mm
K-38366IN-BLL,27,K-38366IN-BLL.jpeg,826,243.8,460mm
K-31367IN-BLL,27,K-31367IN-BLL.jpeg,830,318.0,559mm
K-31367IN-BGL,27,K-31367IN-BGL.jpeg,834,394.2,559mm
K-37881IN-BLL,27,K-37881IN-BLL.jpeg,838,487.3,200mm
K-18433IN-CP,27,K-18433IN-CP.jpeg,842,630.2,180mm
K-28741IN-RWP,31,K-28741IN-RWP.jpeg,875,79.1,867mm
K-30457IN-PSH,31,K-30457IN-PSH.jpeg,877,172.0,(PU)
K-30457IN-MWF,31,K-30457IN-MWF.jpeg,879,249.8,(MEM)
K-30459IN-N21,31,K-30459IN-N21.jpeg,881,347.0,(PU)
K-30459IN-MWF,31,K-30459IN-MWF.jpeg,883,424.4,(MEM)
K-2749T-1-0,34,K-2749T-1-0.jpeg,904,106.1,521mm
K-28782IN-0,34,K-28782IN-0.jpeg,906,172.4,520mm
K-30686IN-0,34,K-30686IN-0.jpeg,908,260.6,425mm
K-20705-0,34,K-20705-0.jpeg,910,331.6,406mm
K-20703-0,34,K-20703-0.jpeg,912,394.7,406mm
K-20704-0,34,K-20704-0.jpeg,914,473.8,357mm
K-75375IN-0,34,K-75375IN-0.jpeg,916,541.2,397mm
K-21226IN-WAF-0,34,K-21226IN-WAF-0.jpeg,920,603.5,396mm
K-21226IN-WRGD-0,34,K-21226IN-WRGD-0.jpeg,924,668.3,396mm
K-21226IN-HL1,34,K-21226IN-HL1.jpeg,928,735.9,396mm
K-21226IN-HB1,35,K-21226IN-HB1.jpeg,936,72.8,396mm
K-21226IN-HP1,35,K-21226IN-HP1.jpeg,938,142.0,396mm
K-21226IN-SS-0,35,K-21226IN-SS-0.jpeg,940,199.1,396mm
K-30109IN-HP1,35,K-30109IN-HP1.jpeg,944,258.6,425mm
K-30109IN-0,35,K-30109IN-0.jpeg,946,324.3,425mm
K-31343IN-SS-0,35,K-31343IN-SS-0.jpeg,948,384.9,423mm
K-21060IN-HB1,35,K-21060IN-HB1.jpeg,952,446.6,406mm
K-21060IN-0,35,K-21060IN-0.jpeg,954,513.4,406mm
K-77171IN-7,35,K-77171IN-7.jpeg,956,570.1,450mm
K-77171IN-0,35,K-77171IN-0.jpeg,958,636.9,450mm
K-75376IN-1-0,35,K-75376IN-1-0.jpeg,962,696.7,440mm
K-90011T-0,35,K-90011T-0.jpeg,966,755.9,393mm
K-90012T-0,36,K-90012T-0.jpeg,974,69.1,410mm
K-5373IN-7,36,K-5373IN-7.jpeg,978,137.6,410mm
K-5373IN-K4,36,K-5373IN-K4.jpeg,982,205.0,410mm
K-5373IN-0,36,K-5373IN-0.jpeg,984,277.7,410mm
K-2660IN-1-7,36,K-2660IN-1-7.jpeg,986,346.3,460mm
K-2660IN-1-0,36,K-2660IN-1-0.jpeg,988,411.8,460mm
K-2661IN-7,36,K-2661IN-7.jpeg,990,473.9,413mm
K-2661IN-K4,36,K-2661IN-K4.jpeg,992,542.6,413mm
K-2661IN-0,36,K-2661IN-0.jpeg,994,607.1,413mm
K-75374IN-1-0,36,K-75374IN-1-0.jpeg,996,675.9,413mm
K-26270IN-0,36,K-26270IN-0.jpeg,998,740.2,410mm
K-26249IN-0,37,K-26249IN-0.jpeg,1004,495.6,400mm
K-28784IN-K4,37,K-28784IN-K4.jpeg,1008,568.4,398mm
K-28784IN-7,37,K-28784IN-7.jpeg,1010,636.4,398mm
K-28784IN-TKB,37,K-28784IN-TKB.jpeg,1014,698.7,398mm
K-28784IN-0,37,K-28784IN-0.jpeg,1016,762.1,398mm
K-28783IN-TKB,38,K-28783IN-TKB.jpeg,1026,72.9,397mm
K-28783IN-K4,38,K-28783IN-K4.jpeg,1030,137.4,397mm
K-28783IN-7,38,K-28783IN-7.jpeg,1032,206.2,397mm
K-28783IN-0,38,K-28783IN-0.jpeg,1034,271.9,397mm
K-76601IN-7,38,K-76601IN-7.jpeg,1036,330.9,403mm
K-76601IN-K4,38,K-76601IN-K4.jpeg,1038,395.5,403mm
K-76601IN-0,38,K-76601IN-0.jpeg,1042,457.0,403mm
K-76600IN-0,38,K-76600IN-0.jpeg,1044,522.7,438mm
K-14800X-0,38,K-14800X-0.jpeg,1046,587.3,420mm
K-29024IN-1-0,38,K-29024IN-1-0.jpeg,1048,659.6,470mm
K-38520IN-K4,38,K-38520IN-K4.jpeg,1050,739.3,411mm
K-38520IN-7,39,K-38520IN-7.jpeg,1056,73.7,411mm
K-38520IN-0,39,K-38520IN-0.jpeg,1058,140.1,411mm
K-34251IN-0,39,K-34251IN-0.jpeg,1062,205.7,462mm
K-25316IN-0,39,K-25316IN-0.jpeg,1064,273.1,457mm
K-31459IN-0,39,K-31459IN-0.jpeg,1066,341.2,344mm
K-25318IN-0,39,K-25318IN-0.jpeg,1068,404.6,360mm
K-2200IN-7,39,K-2200IN-7.jpeg,1070,476.3,413mm
K-2200IN-K4,39,K-2200IN-K4.jpeg,1072,544.2,413mm
K-2200IN-0,39,K-2200IN-0.jpeg,1074,609.8,413mm
K-11479IN-VC1-0,39,K-11479IN-VC1-0.jpeg,1076,688.5,464mm
K-98930X-1-0,39,K-98930X-1-0.jpeg,1078,764.9,white
K-20701-0,41,K-20701-0.jpeg,1101,91.6,406mm
K-30520IN-0,41,K-30520IN-0.jpeg,1105,197.5,405
K-8700IN-1-0,41,K-8700IN-1-0.jpeg,1107,294.6,464mm
K-24558IN-0,41,K-24558IN-0.jpeg,1111,506.9,489mm
K-24563IN-0,41,K-24563IN-0.jpeg,1115,577.8,459mm
K-24560IN-0,41,K-24560IN-0.jpeg,1117,656.0,466mm
K-11341IN-1-0,42,K-11341IN-1-0.jpeg,1124,69.6,466mm
K-96051IN-0,42,K-96051IN-0.jpeg,1126,162.8,420mm
K-2241IN-1-0,42,K-2241IN-1-0.jpeg,1128,263.2,460mm
K-2075IN-1-0,42,K-2075IN-1-0.jpeg,1130,325.1,414mm
K-2215IN-2-7,42,K-2215IN-2-7.jpeg,1134,382.4,Ladena™
K-2214IN-0,42,K-2214IN-0.jpeg,1138,532.9,367mm
K-2883IN-0,42,K-2883IN-0.jpeg,1140,590.3,400mm
K-2211IN-0,42,K-2211IN-0.jpeg,1142,650.9,438mm
K-2210IN-0,42,K-2210IN-0.jpeg,1144,709.9,411mm
K-34229IN-0,43,K-34229IN-0.jpeg,1155,156.4,462mm
K-25317IN-0,43,K-25317IN-0.jpeg,1157,223.0,489mm
K-31461IN-0,43,K-31461IN-0.jpeg,1159,296.3,487mm
K-31460IN-0,43,K-31460IN-0.jpeg,1161,362.1,418mm
K-31458IN-0,43,K-31458IN-0.jpeg,1163,429.4,465mm
K-2018IN-1WH-0,43,K-2018IN-1WH-0.jpeg,1165,500.9,479mm
K-8703IN-1WH-0,43,K-8703IN-1WH-0.jpeg,1167,568.7,464mm
K-5583IN-1WH-0,43,K-5583IN-1WH-0.jpeg,1169,638.7,413mm
K-97347IN-4-CP,46,K-97347IN-4-CP.jpeg,1185,106.5,Single-control
K-97358IN-4ND-CP,46,K-97358IN-4ND-CP.jpeg,1187,179.3,Single-control
K-97345IN-4-CP,46,K-97345IN-4-CP.jpeg,1189,223.8,Single-control
K-73159IN-7-CP,46,K-73159IN-7-CP.jpeg,1191,291.2,Single-control
K-73061IN-4ND-CP,46,K-73061IN-4ND-CP.jpeg,1193,362.2,Single-control
K-73050IN-7-CP,46,K-73050IN-7-CP.jpeg,1195,412.0,Single-control
K-25758IN-4ND-CP,46,K-25758IN-4ND-CP.jpeg,1197,482.6,Single-control
K-25759IN-4ND-CP,46,K-25759IN-4ND-CP.jpeg,1199,556.7,Single-control
K-25757IN-4ND-CP,46,K-25757IN-4ND-CP.jpeg,1201,604.7,Single-control
K-25764IN-CP,46,K-25764IN-CP.jpeg,1205,709.6,Bath
K-25765IN-CP,46,K-25765IN-CP.jpeg,1207,752.6,Bath
K-28514IN-ND-CP,47,K-28514IN-ND-CP.jpeg,1214,75.4,Touchless
K-28513IN-ND-CP,47,K-28513IN-ND-CP.jpeg,1222,133.4,Touchless
K-23486IN-4ND-CP,47,K-23486IN-4ND-CP.jpeg,1232,418.4,Single-control
K-23511IN-CP,47,K-23511IN-CP.jpeg,1238,586.7,Bath
K-23512IN-CP,47,K-23512IN-CP.jpeg,1240,623.8,Bath
K-72337IN-4ND-CP,47,K-72337IN-4ND-CP.jpeg,1244,679.4,Single-control
K-20071IN-4-CP,48,K-20071IN-4-CP.jpeg,1254,60.1,Tall
K-72326IN-4-CP,48,K-72326IN-4-CP.jpeg,1258,125.1,Pillar
K-5684IN-4ND-CP,48,K-5684IN-4ND-CP.jpeg,1262,178.3,Single-control
K-77311IN-4FP-CP,48,K-77311IN-4FP-CP.jpeg,1266,226.7,360
K-72328IN-4FP-CP,48,K-72328IN-4FP-CP.jpeg,1270,286.5,Recessed
K-72298IN-4ND-CP,48,K-72298IN-4ND-CP.jpeg,1274,360.5,Single-control
K-72275IN-4ND-CP,48,K-72275IN-4ND-CP.jpeg,1282,416.3,Single-control
K-72288IN-4-CP,48,K-72288IN-4-CP.jpeg,1286,521.1,Pillar
K-5683IN-4ND-CP,48,K-5683IN-4ND-CP.jpeg,1290,575.0,Single-control
K-72290IN-4FP-CP,48,K-72290IN-4FP-CP.jpeg,1298,678.8,Recessed
K-20077IN-CP,48,K-20077IN-CP.jpeg,1302,735.1,Bath
K-99061IN-CP,48,K-99061IN-CP.jpeg,1306,773.0,Bath
K-38894IN-4ND-CP,49,K-38894IN-4ND-CP.jpeg,1312,76.4,Single-control
K-38893IN-4ND-CP,49,K-38893IN-4ND-CP.jpeg,1314,135.1,Single-control
K-38895IN-4ND-CP,49,K-38895IN-4ND-CP.jpeg,1316,179.0,Single-control
K-38887IN-4ND-CP,49,K-38887IN-4ND-CP.jpeg,1322,350.4,Single-control
K-38886IN-4ND-CP,49,K-38886IN-4ND-CP.jpeg,1324,416.9,Single-control
K-38888IN-4ND-CP,49,K-38888IN-4ND-CP.jpeg,1326,466.6,Single-control
K-38889IN-4FP-CP,49,K-38889IN-4FP-CP.jpeg,1328,510.0,Recessed
K-38891IN-CP,49,K-38891IN-CP.jpeg,1332,633.7,Bath
K-38892IN-CP,49,K-38892IN-CP.jpeg,1334,675.2,Bath
K-23966IN-4ND-CP,50,K-23966IN-4ND-CP.jpeg,1341,61.0,Single-control
K-23975IN-4ND-CP,50,K-23975IN-4ND-CP.jpeg,1345,162.0,Single-control
K-23974IN-AA-CP,50,K-23974IN-AA-CP.jpeg,1349,276.8,Bath
K-23973IN-AA-CP,50,K-23973IN-AA-CP.jpeg,1351,326.3,Bath
K-22540IN-4AND-CP,50,K-22540IN-4AND-CP.jpeg,1361,609.1,Single-control
K-22544IN-N-CP,51,K-22544IN-N-CP.jpeg,1374,451.6,Bath
K-22543IN-N-CP,51,K-22543IN-N-CP.jpeg,1376,491.8,Bath
K-38463IN-4ND-CP,51,K-38463IN-4ND-CP.jpeg,1380,556.0,Single-control
K-38462IN-4ND-CP,51,K-38462IN-4ND-CP.jpeg,1384,616.7,Single-control
K-38466IN-4-CP,51,K-38466IN-4-CP.jpeg,1388,667.6,Tall
K-38465IN-4-CP,51,K-38465IN-4-CP.jpeg,1392,733.6,Pillar
K-38467IN-4ND-CP,52,K-38467IN-4ND-CP.jpeg,1402,62.1,Low
K-38464IN-4ND-CP,52,K-38464IN-4ND-CP.jpeg,1406,108.4,Single-control
K-38468IN-4FP-CP,52,K-38468IN-4FP-CP.jpeg,1414,223.3,Recessed
K-38471IN-CP,52,K-38471IN-CP.jpeg,1418,292.9,Bath
K-38470IN-CP,52,K-38470IN-CP.jpeg,1422,337.9,Bath
K-33063IN-4ND-CP,52,K-33063IN-4ND-CP.jpeg,1424,399.8,Single-control
K-33102IN-4-CP,52,K-33102IN-4-CP.jpeg,1428,526.9,Tall
K-33101IN-4-CP,52,K-33101IN-4-CP.jpeg,1430,601.5,Pillar
K-26791IN-4ND-CP,52,K-26791IN-4ND-CP.jpeg,1432,658.9,Single-control
K-33103IN-4ND-CP,52,K-33103IN-4ND-CP.jpeg,1434,715.4,Cold-only
K-33111IN-4FP-CP,53,K-33111IN-4FP-CP.jpeg,1440,63.8,Recessed
K-33074IN-CP,53,K-33074IN-CP.jpeg,1442,130.8,Bath
K-27479IN-4ND-CP,53,K-27479IN-4ND-CP.jpeg,1444,193.5,Single-control
K-27486IN-4-CP,53,K-27486IN-4-CP.jpeg,1446,250.8,Pillar
K-27483IN-4ND-CP,53,K-27483IN-4ND-CP.jpeg,1448,308.8,Single-control
K-27489IN-4ND-CP,53,K-27489IN-4ND-CP.jpeg,1450,365.4,Cold
K-27494IN-CP,53,K-27494IN-CP.jpeg,1454,484.5,Bath
K-27492IN-CP,53,K-27492IN-CP.jpeg,1456,529.2,Bath
K-27480IN-4ND-CP,53,K-27480IN-4ND-CP.jpeg,1458,585.8,Single-control
K-27478IN-4ND-CP,53,K-27478IN-4ND-CP.jpeg,1460,659.8,Single-control
K-27485IN-4-CP,53,K-27485IN-4-CP.jpeg,1462,711.6,Pillar
K-27482IN-4ND-CP,54,K-27482IN-4ND-CP.jpeg,1467,61.1,Single-control
K-27488IN-4ND-CP,54,K-27488IN-4ND-CP.jpeg,1469,112.9,Cold
K-27477IN-4ND-CP,54,K-27477IN-4ND-CP.jpeg,1473,242.7,Single-control
K-27484IN-4-CP,54,K-27484IN-4-CP.jpeg,1475,299.7,Pillar
K-27481IN-4ND-CP,54,K-27481IN-4ND-CP.jpeg,1477,359.3,Single-control
K-27487IN-4ND-CP,54,K-27487IN-4ND-CP.jpeg,1479,413.1,Cold
K-27493IN-CP,54,K-27493IN-CP.jpeg,1483,521.7,Bath
K-27490IN-CP,54,K-27490IN-CP.jpeg,1485,562.6,Bath
K-34073IN-4ND-CP,54,K-34073IN-4ND-CP.jpeg,1489,613.7,Single-control
K-33913IN-4ND-CP,54,K-33913IN-4ND-CP.jpeg,1493,679.5,Single-control
K-34078IN-4-CP,54,K-34078IN-4-CP.jpeg,1497,733.5,Tall
K-34067IN-4-CP,55,K-34067IN-4-CP.jpeg,1505,60.1,Pillar
K-34039IN-4ND-CP,55,K-34039IN-4ND-CP.jpeg,1509,111.6,Single-control
K-33996IN-CP,55,K-33996IN-CP.jpeg,1517,230.8,Bath
K-33995IN-CP,55,K-33995IN-CP.jpeg,1521,270.8,Bath
K-34038IN-4ND-CP,55,K-34038IN-4ND-CP.jpeg,1525,330.2,Single-control
K-33999IN-4ND-CP,55,K-33999IN-4ND-CP.jpeg,1529,401.4,Single-control
K-34032IN-4-CP,55,K-34032IN-4-CP.jpeg,1537,518.7,Pillar
K-34076IN-4ND-CP,55,K-34076IN-4ND-CP.jpeg,1541,580.2,Single-control
K-33645IN-4FP-CP,55,K-33645IN-4FP-CP.jpeg,1545,634.5,Recessed
K-72830IN-L-CP,58,K-72830IN-L-CP.jpeg,1575,292.0,chrome
K-29959IN-CP,58,K-29959IN-CP.jpeg,1577,372.6,425mm
K-9301IN-CL-CP,58,K-9301IN-CL-CP.jpeg,1583,483.3,381mm
K-26297IN-CP,58,K-26297IN-CP.jpeg,1587,539.1,453mm
K-26296IN-CP,58,K-26296IN-CP.jpeg,1595,644.6,353mm
K-26294IN-CP,58,K-26294IN-CP.jpeg,1599,755.3,353mm
K-27731IN-CP,59,K-27731IN-CP.jpeg,1607,125.3,330mm
K-26855IN-CP,59,K-26855IN-CP.jpeg,1609,242.3,254mm
K-26854IN-CP,59,K-26854IN-CP.jpeg,1611,292.4,254mm
K-73040IN-CL-CP,59,K-73040IN-CL-CP.jpeg,1615,345.2,254mm
K-73039IN-CL-CP,59,K-73039IN-CL-CP.jpeg,1619,398.0,254mm
K-38973IN-CP,59,K-38973IN-CP.jpeg,1623,445.9,254mm
K-39507IN-CP,59,K-39507IN-CP.jpeg,1627,503.5,254mm
K-73038IN-CL-CP,59,K-73038IN-CL-CP.jpeg,1631,559.1,203mm
K-73037IN-CL-CP,59,K-73037IN-CL-CP.jpeg,1635,613.3,203mm
K-26290IN-CP,59,K-26290IN-CP.jpeg,1639,683.4,202mm
K-38972IN-CP,59,K-38972IN-CP.jpeg,1643,746.7,203mm
K-72425IN-CP,60,K-72425IN-CP.jpeg,1651,76.7,117mm
K-22645IN-CP,60,K-22645IN-CP.jpeg,1653,133.7,127mm
K-39505IN-CP,60,K-39505IN-CP.jpeg,1657,204.6,110mm
K-36211IN-CP,60,K-36211IN-CP.jpeg,1661,262.9,181mm
K-34050IN-CP,60,K-34050IN-CP.jpeg,1665,323.1,152mm
K-34042IN-CP,60,K-34042IN-CP.jpeg,1669,387.3,130mm
K-16356IN-A-CP,60,K-16356IN-A-CP.jpeg,1673,455.5,chrome
K-34098IN-CP,60,K-34098IN-CP.jpeg,1677,538.7,Shoulder
K-34099IN-CP,60,K-34099IN-CP.jpeg,1681,590.8,Shoulder
K-26300IN-CP,60,K-26300IN-CP.jpeg,1683,643.7,Oblong
K-8002IN-CP,60,K-8002IN-CP.jpeg,1687,686.0,54-nozzle
K-26299IN-CP,60,K-26299IN-CP.jpeg,1691,749.6,Round
K-98444IN-CP,62,K-98444IN-CP.jpeg,1726,69.4,Square
K-16359IN-A-CP,62,K-16359IN-A-CP.jpeg,1730,147.0,Round
K-30318IN-CP,62,K-30318IN-CP.jpeg,1732,262.2,-
K-30319IN-NA,62,K-30319IN-NA.jpeg,1734,311.2,Audio
K-28212IN-NA,62,K-28212IN-NA.jpeg,1736,386.3,6
K-28211IN-NA,62,K-28211IN-NA.jpeg,1738,438.1,4
K-27756IN-NA,62,K-27756IN-NA.jpeg,1740,492.1,System
K-28214-ASC-BL,62,K-28214-ASC-BL.jpeg,1742,551.4,2-12
K-28214-BL,62,K-28214-BL.jpeg,1744,607.7,2-6
K-26350IN-9-CP,62,K-26350IN-9-CP.jpeg,1748,676.5,Recessed
EX26349T-9-CP,62,EX26349T-9-CP.jpeg,1750,728.0,Recessed
K-26348IN-9-CP,63,K-26348IN-9-CP.jpeg,1758,76.2,Recessed
K-26347IN-9-CP,63,K-26347IN-9-CP.jpeg,1762,129.5,Recessed
K-26344IN-NA,63,K-26344IN-NA.jpeg,1766,177.9,Recessed
K-26343T-NA,63,K-26343T-NA.jpeg,1768,234.2,Recessed
K-26342IN-NA,63,K-26342IN-NA.jpeg,1772,287.1,Recessed
K-26341IN-NA,63,K-26341IN-NA.jpeg,1776,345.5,Recessed
K-20742IN-9FP-CP,63,K-20742IN-9FP-CP.jpeg,1782,551.5,chrome
K-24431IN-9FP-CP,63,K-24431IN-9FP-CP.jpeg,1784,618.3,chrome
K-99924IN-CP,63,K-99924IN-CP.jpeg,1788,700.7,3
K-5679IN-NA,64,K-5679IN-NA.jpeg,1804,324.1,Flexi
K-25150IN-NA,64,K-25150IN-NA.jpeg,1806,376.3,Single-control
K-25149IN-NA,64,K-25149IN-NA.jpeg,1808,430.9,Wall
K-34080IN-4-CP,64,K-34080IN-4-CP.jpeg,1812,487.1,APT™
K-22308IN-CP,64,K-22308IN-CP.jpeg,1820,759.6,Wall
K-20138IN-CP,65,K-20138IN-CP.jpeg,1828,151.4,Square
K-16346IN-CP,65,K-16346IN-CP.jpeg,1832,204.2,Wall
K-16347IN-CP,65,K-16347IN-CP.jpeg,1834,257.6,Ceiling
K-26318IN-CP,65,K-26318IN-CP.jpeg,1838,323.3,Wall
K-99054IN-CP,65,K-99054IN-CP.jpeg,1844,442.5,Shower
K-16381IN-CP,65,K-16381IN-CP.jpeg,1848,515.0,Wall
K-12067IN-CP,65,K-12067IN-CP.jpeg,1854,689.7,Hand
K-9038IN-CP,65,K-9038IN-CP.jpeg,1858,744.4,Hand
K-9040IN-CP,66,K-9040IN-CP.jpeg,1866,76.6,Hand
K-10386IN-CP,67,K-10386IN-CP.jpeg,1902,125.2,Bath
K-10385IN-CP,67,K-10385IN-CP.jpeg,1906,180.5,Bath
K-26334IN-9-CP,67,K-26334IN-9-CP.jpeg,1916,393.5,4-way
K-99741IN-C9-CP,67,K-99741IN-C9-CP.jpeg,1918,534.6,3-way
K-32329-NA,69,K-32329-NA.jpeg,1934,80.8,Invigoration®
K-32327-NA,69,K-32327-NA.jpeg,1938,168.1,Invigoration®
K-5558-CP,69,K-5558-CP.jpeg,1940,278.8,Invigoration™
K-5558-AF,69,K-5558-AF.jpeg,1942,355.1,Invigoration™
K-5558-BL,69,K-5558-BL.jpeg,1944,426.4,Invigoration™
K-5558-BV,69,K-5558-BV.jpeg,1946,497.0,Invigoration™
K-5548-K1-CP,69,K-5548-K1-CP.jpeg,1950,570.8,Digital
K-5548-K1-AF,69,K-5548-K1-AF.jpeg,1956,614.8,Digital
K-5548-K1-BV,69,K-5548-K1-BV.jpeg,1958,658.2,Digital
K-5548-K1-BL,69,K-5548-K1-BL.jpeg,1960,702.2,Digital
K-5557-CP,69,K-5557-CP.jpeg,1964,746.8,Control
K-5557-AF,70,K-5557-AF.jpeg,1970,65.0,Control
K-5557-BV,70,K-5557-BV.jpeg,1972,118.8,Control
K-5557-BL,70,K-5557-BL.jpeg,1974,172.4,Control
K-32309-CP,70,K-32309-CP.jpeg,1978,217.3,Linear
K-32309-BV,70,K-32309-BV.jpeg,1982,255.3,Linear
K-32309-BL,70,K-32309-BL.jpeg,1984,297.4,Linear
K-32309-AF,70,K-32309-AF.jpeg,1988,336.0,Linear
K-32310-CP,70,K-32310-CP.jpeg,1992,378.4,Square
K-32310-AF,70,K-32310-AF.jpeg,2002,486.3,Square
K-32312-BV,70,K-32312-BV.jpeg,2010,564.0,Steam
K-32312-AF,70,K-32312-AF.jpeg,2018,642.8,Steam
K-32311-CP,70,K-32311-CP.jpeg,2022,684.4,Digital
K-32311-BV,70,K-32311-BV.jpeg,2026,734.1,Digital
K-32311-BL,71,K-32311-BL.jpeg,2036,63.0,Digital
K-32311-AF,71,K-32311-AF.jpeg,2040,108.4,Digital
K-5562-NA,71,K-5562-NA.jpeg,2042,170.2,Drain
K-5559-NA,71,K-5559-NA.jpeg,2044,205.3,Drain
K-20526IN-0,71,K-20526IN-0.jpeg,2046,264.8,Shower
K-80154IN-4AV-CP,89,K-80154IN-4AV-CP.jpeg,2378,116.0,Angle
K-80158IN-9AV-CP,89,K-80158IN-9AV-CP.jpeg,2382,179.1,Square
K-33978IN-4-CP,89,K-33978IN-4-CP.jpeg,2386,244.9,Angle
K-11568IN-7B-CP,89,K-11568IN-7B-CP.jpeg,2388,310.8,Angle
K-16094IN-4-CP,89,K-16094IN-4-CP.jpeg,2392,393.5,2-way
K-16093IN-4-CP,89,K-16093IN-4-CP.jpeg,2396,460.2,1-way
K-33972IN-4-CP,89,K-33972IN-4-CP.jpeg,2398,525.1,2-way
K-16089IN-NA,89,K-16089IN-NA.jpeg,2402,605.6,G19mm
K-16087IN-4-CP,89,K-16087IN-4-CP.jpeg,2406,670.0,In-line
K-35568IN-NA,89,K-35568IN-NA.jpeg,2410,731.6,g3/4
K-33979IN-4-CP,90,K-33979IN-4-CP.jpeg,2418,72.9,In-line
K-24740IN-0,90,K-24740IN-0.jpeg,2422,285.9,Ceramic
K-45432IN-CP,90,K-45432IN-CP.jpeg,2426,333.1,Grid
K-1460429-CP,90,K-1460429-CP.jpeg,2432,462.0,Hidden
K-30685IN-CP,90,K-30685IN-CP.jpeg,2436,533.8,Bottle
K-75823IN-CP,90,K-75823IN-CP.jpeg,2438,615.4,350mm
K-7314IN-CP,90,K-7314IN-CP.jpeg,2440,696.3,300mm
K-7275IN-ZZ-CP,91,K-7275IN-ZZ-CP.jpeg,2448,86.7,Floor
K-77364IN-CP,91,K-77364IN-CP.jpeg,2450,165.9,Health
K-97258IN-CP,91,K-97258IN-CP.jpeg,2452,245.1,Health
K-98100IN-CP,91,K-98100IN-CP.jpeg,2456,389.0,Health
K-97497T-CP,93,K-97497T-CP.jpeg,2469,105.7,Double
K-97503T-CP,93,K-97503T-CP.jpeg,2471,153.6,Tissue
K-97495T-CP,93,K-97495T-CP.jpeg,2473,211.7,Towel
K-97500T-CP,93,K-97500T-CP.jpeg,2481,308.9,Double
K-97498T-CP,93,K-97498T-CP.jpeg,2483,370.6,Towel
K-97499T-CP,93,K-97499T-CP.jpeg,2487,417.1,Robe
K-25066IN-CP,93,K-25066IN-CP.jpeg,2489,489.9,Towel
K-17529T-CP,93,K-17529T-CP.jpeg,2493,536.9,610mm
K-25065IN-CP,93,K-25065IN-CP.jpeg,2495,595.4,600mm
K-25074IN-CP,93,K-25074IN-CP.jpeg,2497,634.7,Square
K-17531T-ST,93,K-17531T-ST.jpeg,2501,685.5,6L
K-25067IN-CP,93,K-25067IN-CP.jpeg,2503,763.1,Square
K-5636IN-CP,94,K-5636IN-CP.jpeg,2513,60.4,Glass
K-25071IN-CP,94,K-25071IN-CP.jpeg,2515,111.0,Square
K-25069IN-CP,94,K-25069IN-CP.jpeg,2521,238.3,Square
K-5630IN-CP,94,K-5630IN-CP.jpeg,2525,281.3,610mm
K-25068IN-CP,94,K-25068IN-CP.jpeg,2527,337.6,Square
K-5633IN-CP,94,K-5633IN-CP.jpeg,2531,380.1,Tissue
K-25070IN-CP,94,K-25070IN-CP.jpeg,2533,436.6,Square
K-5632IN-CP,94,K-5632IN-CP.jpeg,2543,595.4,Tissue
K-5637IN-CP,94,K-5637IN-CP.jpeg,2547,648.4,Tumbler
K-25072IN-CP,94,K-25072IN-CP.jpeg,2549,705.4,Square
K-5634IN-CP,94,K-5634IN-CP.jpeg,2553,750.0,Soap
K-5635IN-CP,95,K-5635IN-CP.jpeg,2561,59.8,Single
K-10701D-CP,95,K-10701D-CP.jpeg,2563,137.5,Bath
K-75423IN-CP,95,K-75423IN-CP.jpeg,2575,347.2,Hidden
K-75422IN-CP,95,K-75422IN-CP.jpeg,2577,407.1,Hidden
K-73159T-B7-AF,97,K-73159T-B7-AF.jpeg,2598,100.9,Single-control
K-73061T-7-AF,97,K-73061T-7-AF.jpeg,2602,222.1,Single-control
EX28094IN-8-AF,97,EX28094IN-8-AF.jpeg,2604,284.7,Single-control
EX28093IN-8-AF,97,EX28093IN-8-AF.jpeg,2606,346.6,Single-control
K-29310IN-4ND-AF,97,K-29310IN-4ND-AF.jpeg,2608,396.9,Single-control
K-25758IN-4ND-AF,97,K-25758IN-4ND-AF.jpeg,2610,483.4,Single-control
K-25757IN-4ND-AF,97,K-25757IN-4ND-AF.jpeg,2612,539.4,Single-control
K-25759IN-4ND-AF,97,K-25759IN-4ND-AF.jpeg,2614,589.2,Single-control
K-25764IN-AF,97,K-25764IN-AF.jpeg,2618,714.1,Bath
K-25765IN-AF,97,K-25765IN-AF.jpeg,2620,761.9,Bath
K-23486IN-4ND-AF,98,K-23486IN-4ND-AF.jpeg,2630,192.3,Wall
K-23497IN-4-AF,98,K-23497IN-4-AF.jpeg,2632,241.3,360
K-23511IN-AF,98,K-23511IN-AF.jpeg,2636,376.8,Bath
K-23512IN-AF,98,K-23512IN-AF.jpeg,2638,426.8,Bath
K-72337IN-4ND-AF,98,K-72337IN-4ND-AF.jpeg,2640,494.0,Single-control
K-5684IN-4ND-AF,98,K-5684IN-4ND-AF.jpeg,2644,619.8,Single-control
K-72328IN-4FS-AF,98,K-72328IN-4FS-AF.jpeg,2650,735.1,Recessed
K-20077IN-AF,99,K-20077IN-AF.jpeg,2656,59.4,Bath
K-99061IN-AF,99,K-99061IN-AF.jpeg,2658,105.5,Bath
K-38894IN-4ND-AF,99,K-38894IN-4ND-AF.jpeg,2662,166.4,Single-control
K-38893IN-4ND-AF,99,K-38893IN-4ND-AF.jpeg,2666,235.2,Single-control
K-38895IN-4ND-AF,99,K-38895IN-4ND-AF.jpeg,2670,286.4,Single-control
K-38887IN-4ND-AF,99,K-38887IN-4ND-AF.jpeg,2682,468.7,Single-control
K-38886IN-4ND-AF,99,K-38886IN-4ND-AF.jpeg,2686,545.2,Single-control
K-38888IN-4ND-AF,99,K-38888IN-4ND-AF.jpeg,2690,598.2,Single-control
K-38889IN-4FS-AF,99,K-38889IN-4FS-AF.jpeg,2698,713.2,Recessed
K-38891IN-AF,100,K-38891IN-AF.jpeg,2706,64.1,Bath
K-38892IN-AF,100,K-38892IN-AF.jpeg,2710,121.1,Bath
K-38463IN-4ND-AF,100,K-38463IN-4ND-AF.jpeg,2714,188.0,Single-control
K-38462IN-4ND-AF,100,K-38462IN-4ND-AF.jpeg,2718,250.2,Single-control
K-38466IN-4-AF,100,K-38466IN-4-AF.jpeg,2722,298.1,Tall
K-38464IN-4ND-AF,100,K-38464IN-4ND-AF.jpeg,2730,411.2,Single-control
K-38469IN-4FS-AF,100,K-38469IN-4FS-AF.jpeg,2734,461.6,Recessed
K-38468IN-4FP-AF,100,K-38468IN-4FP-AF.jpeg,2738,524.3,Recessed
K-38471IN-AF,100,K-38471IN-AF.jpeg,2742,594.0,Bath
K-38470IN-AF,100,K-38470IN-AF.jpeg,2746,639.0,Bath
K-23966IN-4ND-AF,101,K-23966IN-4ND-AF.jpeg,2754,59.4,Single-control
K-23975IN-4ND-AF,101,K-23975IN-4ND-AF.jpeg,2756,114.5,Recessed
K-23974IN-AA-AF,101,K-23974IN-AA-AF.jpeg,2762,231.8,Bath
K-22535IN-4AND-AF,101,K-22535IN-4AND-AF.jpeg,2766,359.0,Single-control
K-22534IN-4AND-AF,101,K-22534IN-4AND-AF.jpeg,2768,428.9,Single-control
K-22539IN-4A-AF,101,K-22539IN-4A-AF.jpeg,2770,481.2,Tall
K-22538IN-4A-AF,101,K-22538IN-4A-AF.jpeg,2772,557.2,Pillar
K-22540IN-4AND-AF,101,K-22540IN-4AND-AF.jpeg,2774,613.2,Single-control
K-38938IN-4FS-AF,101,K-38938IN-4FS-AF.jpeg,2776,660.2,Recessed
K-38939IN-4FP-AF,101,K-38939IN-4FP-AF.jpeg,2778,726.1,Recessed
K-22543IN-N-AF,102,K-22543IN-N-AF.jpeg,2785,59.4,Bath
K-22544IN-N-AF,102,K-22544IN-N-AF.jpeg,2787,114.1,Bath
K-33063IN-4ND-AF,102,K-33063IN-4ND-AF.jpeg,2789,185.1,Single-control
K-33102IN-4-AF,102,K-33102IN-4-AF.jpeg,2793,321.3,Tall
K-33101IN-4-AF,102,K-33101IN-4-AF.jpeg,2795,399.8,Pillar
K-26791IN-4ND-AF,102,K-26791IN-4ND-AF.jpeg,2797,463.7,Single-control
K-33103IN-4ND-AF,102,K-33103IN-4ND-AF.jpeg,2799,529.1,Cold-only
K-33111IN-4FS-AF,102,K-33111IN-4FS-AF.jpeg,2803,587.1,Recessed
K-33074IN-AF,102,K-33074IN-AF.jpeg,2805,650.6,Bath
K-27479IN-4ND-AF,102,K-27479IN-4ND-AF.jpeg,2809,716.4,Single-control
K-27486IN-4-AF,103,K-27486IN-4-AF.jpeg,2817,61.1,Pillar
K-27483IN-4ND-AF,103,K-27483IN-4ND-AF.jpeg,2821,124.9,Single-control
K-27500IN-4FS-AF,103,K-27500IN-4FS-AF.jpeg,2825,182.9,Recessed
K-27494IN-AF,103,K-27494IN-AF.jpeg,2829,256.2,Bath
K-27492IN-AF,103,K-27492IN-AF.jpeg,2833,308.2,Bath
K-27480IN-4ND-AF,103,K-27480IN-4ND-AF.jpeg,2837,375.0,Single-control
K-27478IN-4ND-AF,103,K-27478IN-4ND-AF.jpeg,2841,456.9,Single-control
K-27485IN-4-AF,103,K-27485IN-4-AF.jpeg,2845,516.4,Pillar
K-27482IN-4ND-AF,103,K-27482IN-4ND-AF.jpeg,2849,577.7,Single-control
K-27488IN-4ND-AF,103,K-27488IN-4ND-AF.jpeg,2853,640.5,Cold
K-27499IN-4FS-AF,103,K-27499IN-4FS-AF.jpeg,2857,696.3,Trim
K-27493IN-AF,104,K-27493IN-AF.jpeg,2865,54.1,Bath
K-73081T-4-AF,104,K-73081T-4-AF.jpeg,2873,320.2,Deck
K-97168IN-AF,104,K-97168IN-AF.jpeg,2877,431.4,600mm
K-97167IN-AF,104,K-97167IN-AF.jpeg,2881,488.9,500mm
K-29959IN-AF,104,K-29959IN-AF.jpeg,2883,542.3,425mm
K-9301IN-CL-AF,104,K-9301IN-CL-AF.jpeg,2887,616.1,381mm
K-26297IN-AF,104,K-26297IN-AF.jpeg,2893,672.5,453mm
K-9302IN-CL-AF,104,K-9302IN-CL-AF.jpeg,2891,736.5,330mm
K-26296IN-AF,105,K-26296IN-AF.jpeg,2899,69.3,353mm
K-24470IN-AF,105,K-24470IN-AF.jpeg,2903,147.9,330mm
K-26294IN-AF,105,K-26294IN-AF.jpeg,2905,205.1,353mm
K-38629IN-AF,105,K-38629IN-AF.jpeg,2909,276.2,305mm
K-27731IN-AF,105,K-27731IN-AF.jpeg,2911,350.8,230mm
K-26856IN-AF,105,K-26856IN-AF.jpeg,2909,403.2,305mm
K-26855IN-AF,105,K-26855IN-AF.jpeg,2915,465.7,254mm
K-26854IN-AF,105,K-26854IN-AF.jpeg,2917,531.5,254mm
K-38973IN-AF,105,K-38973IN-AF.jpeg,2921,589.6,254mm
K-73040IN-CL-AF,105,K-73040IN-CL-AF.jpeg,2925,654.4,254mm
K-39507IN-AF,105,K-39507IN-AF.jpeg,2929,722.3,254mm
K-73039IN-CL-AF,106,K-73039IN-CL-AF.jpeg,2937,74.5,254mm
K-26290IN-AF,106,K-26290IN-AF.jpeg,2939,168.5,202mm
K-38972IN-AF,106,K-38972IN-AF.jpeg,2943,232.1,203mm
K-22645IN-AF,106,K-22645IN-AF.jpeg,2945,280.5,127mm
K-39505IN-AF,106,K-39505IN-AF.jpeg,2949,349.9,110mm
K-16356IN-A-AF,106,K-16356IN-A-AF.jpeg,2951,420.9,130mm
K-34098IN-AF,106,K-34098IN-AF.jpeg,2955,510.5,Shoulder
K-34099IN-AF,106,K-34099IN-AF.jpeg,2959,571.0,Shoulder
K-26300IN-AF,106,K-26300IN-AF.jpeg,2961,623.7,Oblong
K-8002IN-AF,106,K-8002IN-AF.jpeg,2963,674.3,54-nozzle
K-26299IN-AF,106,K-26299IN-AF.jpeg,2965,739.9,Round
K-28694IN-AF,107,K-28694IN-AF.jpeg,2973,89.9,Round
K-28695IN-AF,107,K-28695IN-AF.jpeg,2977,161.4,Oblong
K-39502IN-AF,107,K-39502IN-AF.jpeg,2983,305.0,Round
K-98445IN-AF,107,K-98445IN-AF.jpeg,2985,381.6,Square
K-30318IN-AF,107,K-30318IN-AF.jpeg,2987,507.0,Soundtile®
K-26350IN-9-AF,107,K-26350IN-9-AF.jpeg,2991,578.4,Recessed
EX26349T-9-AF,107,EX26349T-9-AF.jpeg,2995,636.5,Recessed
K-26348IN-9-AF,107,K-26348IN-9-AF.jpeg,2999,694.3,Recessed
K-26347IN-9-AF,107,K-26347IN-9-AF.jpeg,3003,752.0,Recessed
K-24431IN-9FP-AF,108,K-24431IN-9FP-AF.jpeg,3011,230.8,Thermostatic
K-99924IN-AF,108,K-99924IN-AF.jpeg,3015,372.0,3
K-26324IN-AF,108,K-26324IN-AF.jpeg,3017,453.8,482mm
K-26326T-AF,108,K-26326T-AF.jpeg,3019,503.1,254mm
K-16346IN-AF,108,K-16346IN-AF.jpeg,3023,561.3,Wall
K-26318IN-AF,108,K-26318IN-AF.jpeg,3027,710.9,Wall
K-99054IN-AF,109,K-99054IN-AF.jpeg,3033,76.7,Shower
K-8524-AF,109,K-8524-AF.jpeg,3037,162.5,762mm
K-16381IN-AF,109,K-16381IN-AF.jpeg,3041,286.6,Supply
K-12067IN-AF,109,K-12067IN-AF.jpeg,3043,351.5,Hand
K-99035T-AF,109,K-99035T-AF.jpeg,3047,413.5,Hand
K-10386IN-AF,109,K-10386IN-AF.jpeg,3049,496.1,Bath
K-10385IN-AF,109,K-10385IN-AF.jpeg,3051,565.7,Bath
K-16086IN-4-AF,109,K-16086IN-4-AF.jpeg,3057,716.5,Angle
K-80158IN-9-AF,110,K-80158IN-9-AF.jpeg,3063,74.7,Square
K-16094IN-4-AF,110,K-16094IN-4-AF.jpeg,3067,155.2,2-way
K-16093IN-4-AF,110,K-16093IN-4-AF.jpeg,3071,220.8,1-way
K-16087IN-4-AF,110,K-16087IN-4-AF.jpeg,3075,301.4,In-line
K-45432IN-AF,110,K-45432IN-AF.jpeg,3081,447.9,Grid
K-75823IN-AF,110,K-75823IN-AF.jpeg,3087,606.7,350mm
K-7314IN-AF,110,K-7314IN-AF.jpeg,3089,694.7,300mm
K-7275IN-ZZ-AF,111,K-7275IN-ZZ-AF.jpeg,3097,89.9,Floor
K-97258IN-ZZ-AF,111,K-97258IN-ZZ-AF.jpeg,3099,176.9,Health
K-25428IN-AF,111,K-25428IN-AF.jpeg,3111,602.0,Tumbler
K-25429IN-AF,111,K-25429IN-AF.jpeg,3115,712.8,Soap
K-25349IN-AF,111,K-25349IN-AF.jpeg,3117,751.6,Single
K-5636IN-AF,112,K-5636IN-AF.jpeg,3123,81.9,Towel
K-5630IN-AF,112,K-5630IN-AF.jpeg,3125,127.5,Towel
K-5631IN-AF,112,K-5631IN-AF.jpeg,3127,171.0,Towel
K-5632IN-AF,112,K-5632IN-AF.jpeg,3129,239.3,Paper
K-5637IN-AF,112,K-5637IN-AF.jpeg,3131,282.3,Tumbler
K-5634IN-AF,112,K-5634IN-AF.jpeg,3133,341.2,Soap
K-5635IN-AF,112,K-5635IN-AF.jpeg,3135,387.6,Robe
K-73159T-B7-BV,114,K-73159T-B7-BV.jpeg,3145,100.6,Single-control
K-73061T-7-BV,114,K-73061T-7-BV.jpeg,3149,218.4,Single-control
EX28094IN-8-BV,114,EX28094IN-8-BV.jpeg,3153,278.3,Single-control
EX28093IN-8-BV,114,EX28093IN-8-BV.jpeg,3157,339.0,Single-control
K-29310IN-4ND-BV,114,K-29310IN-4ND-BV.jpeg,3159,396.0,Single-control
K-23475IN-4ND-BV,114,K-23475IN-4ND-BV.jpeg,3161,466.3,Single-control
K-23486IN-4ND-BV,114,K-23486IN-4ND-BV.jpeg,3165,584.0,Single-control
K-23496IN-4SL-BV,114,K-23496IN-4SL-BV.jpeg,3169,628.8,Recessed
K-23511IN-BV,114,K-23511IN-BV.jpeg,3171,686.7,Bath
K-23512IN-BV,114,K-23512IN-BV.jpeg,3173,730.0,Bath
K-5684IN-4ND-BV,115,K-5684IN-4ND-BV.jpeg,3183,197.2,Single-control
K-72328IN-4SL-BV,115,K-72328IN-4SL-BV.jpeg,3191,322.5,Recessed
K-72298IN-4ND-BV,115,K-72298IN-4ND-BV.jpeg,3193,405.7,Single-control
K-72275IN-4ND-BV,115,K-72275IN-4ND-BV.jpeg,3195,471.2,Single-control
K-5683IN-4ND-BV,115,K-5683IN-4ND-BV.jpeg,3197,517.9,Single-control
K-72290IN-4SL-BV,115,K-72290IN-4SL-BV.jpeg,3205,641.6,Recessed
K-38894IN-4ND-BV,115,K-38894IN-4ND-BV.jpeg,3209,724.5,Single-control
K-38893IN-4ND-BV,116,K-38893IN-4ND-BV.jpeg,3218,68.0,Single-control
K-38895IN-4ND-BV,116,K-38895IN-4ND-BV.jpeg,3222,126.2,Single-control
K-38887IN-4ND-BV,116,K-38887IN-4ND-BV.jpeg,3236,327.7,Single-control
K-38886IN-4ND-BV,116,K-38886IN-4ND-BV.jpeg,3240,400.4,Single-control
K-38888IN-4ND-BV,116,K-38888IN-4ND-BV.jpeg,3244,461.9,Single-control
K-38889IN-4FS-BV,116,K-38889IN-4FS-BV.jpeg,3248,508.1,Recessed
K-38891IN-BV,116,K-38891IN-BV.jpeg,3258,642.5,Bath
K-38892IN-BV,116,K-38892IN-BV.jpeg,3262,698.4,Bath
K-26297IN-BV,117,K-26297IN-BV.jpeg,3272,238.6,453mm
K-9302IN-CL-BV,117,K-9302IN-CL-BV.jpeg,3276,295.1,330mm
K-26296IN-BV,117,K-26296IN-BV.jpeg,3278,359.7,353mm
K-24470IN-BV,117,K-24470IN-BV.jpeg,3282,411.1,230mm
K-26294IN-BV,117,K-26294IN-BV.jpeg,3284,473.9,353mm
K-38629IN-BV,117,K-38629IN-BV.jpeg,3288,522.8,305mm
K-27731IN-BV,117,K-27731IN-BV.jpeg,3290,581.8,230mm
K-26856IN-BV,117,K-26856IN-BV.jpeg,3294,631.2,305mm
K-26855IN-BV,117,K-26855IN-BV.jpeg,3298,689.1,254mm
K-26854IN-BV,117,K-26854IN-BV.jpeg,3300,753.2,254mm
K-38973IN-BV,118,K-38973IN-BV.jpeg,3308,73.6,254mm
K-39507IN-BV,118,K-39507IN-BV.jpeg,3312,133.0,254mm
K-26290IN-BV,118,K-26290IN-BV.jpeg,3314,216.6,202mm
K-38972IN-BV,118,K-38972IN-BV.jpeg,3318,272.8,203mm
K-34098IN-BV,118,K-34098IN-BV.jpeg,3322,354.4,Shoulder
K-34099IN-BV,118,K-34099IN-BV.jpeg,3326,409.1,Shoulder
K-26300IN-BV,118,K-26300IN-BV.jpeg,3328,468.9,Oblong
K-8002IN-BV,118,K-8002IN-BV.jpeg,3330,521.1,54-nozzle
K-26299IN-BV,118,K-26299IN-BV.jpeg,3332,585.3,Round
K-28694IN-BV,118,K-28694IN-BV.jpeg,3334,658.9,Round
K-30318IN-BV,119,K-30318IN-BV.jpeg,3348,251.2,-
K-26350IN-9-BV,119,K-26350IN-9-BV.jpeg,3352,322.4,Recessed
K-26349W-9-BV,119,K-26349W-9-BV.jpeg,3356,377.0,Recessed
K-26348IN-9-BV,119,K-26348IN-9-BV.jpeg,3360,435.8,Recessed
K-26347IN-9-BV,119,K-26347IN-9-BV.jpeg,3364,492.5,Recessed
K-26324IN-BV,119,K-26324IN-BV.jpeg,3370,725.5,482mm
K-16346IN-BV,120,K-16346IN-BV.jpeg,3378,153.0,Wall
K-26318IN-BV,120,K-26318IN-BV.jpeg,3380,211.3,Wall
K-16381IN-BV,120,K-16381IN-BV.jpeg,3384,412.7,Wall
K-12067IN-BV,120,K-12067IN-BV.jpeg,3386,479.5,1.5M
K-9038IN-BV,120,K-9038IN-BV.jpeg,3388,533.1,Hand
K-10386IN-BV,120,K-10386IN-BV.jpeg,3390,618.5,Bath
K-10385IN-BV,120,K-10385IN-BV.jpeg,3392,681.5,Bath
K-16086IN-4-BV,121,K-16086IN-4-BV.jpeg,3397,114.6,(2
K-80158IN-9-BV,121,K-80158IN-9-BV.jpeg,3399,173.5,Square
K-16094IN-4-BV,121,K-16094IN-4-BV.jpeg,3401,257.5,2-way
K-16087IN-4-BV,121,K-16087IN-4-BV.jpeg,3403,337.9,In-line
K-20746IN-BV,121,K-20746IN-BV.jpeg,3409,573.2,Grid
K-7275IN-ZZ-BV,122,K-7275IN-ZZ-BV.jpeg,3421,97.4,27
K-25347IN-BV,122,K-25347IN-BV.jpeg,3429,392.9,Towel
K-25428IN-BV,122,K-25428IN-BV.jpeg,3431,431.9,Tumbler
K-25346IN-BV,122,K-25346IN-BV.jpeg,3433,481.1,Toilet
K-25429IN-BV,122,K-25429IN-BV.jpeg,3435,529.1,Soap
K-25349IN-BV,122,K-25349IN-BV.jpeg,3437,572.3,Single
K-97347T-B4-RGD,123,K-97347T-B4-RGD.jpeg,3443,106.4,Single-control
K-97345T-B4-RGD,123,K-97345T-B4-RGD.jpeg,3445,173.7,Single-control
K-73159T-B7-RGD,123,K-73159T-B7-RGD.jpeg,3447,241.3,Single-control
K-73050T-B7-RGD,123,K-73050T-B7-RGD.jpeg,3449,305.8,Single-control
K-73061T-7-RGD,123,K-73061T-7-RGD.jpeg,3451,358.4,Single-control
EX28094IN-8-RGD,123,EX28094IN-8-RGD.jpeg,3453,420.7,Single-control
EX28093IN-8-RGD,123,EX28093IN-8-RGD.jpeg,3455,481.4,Single-control
K-29310IN-4ND-RGD,123,K-29310IN-4ND-RGD.jpeg,3457,543.6,Single-control
K-25758IN-ECH-RGD,123,K-25758IN-ECH-RGD.jpeg,3459,620.8,Single-control
K-29199IN-ECH-RGD,123,K-29199IN-ECH-RGD.jpeg,3461,688.2,Single-control
K-25758IN-4ND-RGD,124,K-25758IN-4ND-RGD.jpeg,3471,81.1,Single-control
K-25757IN-4ND-RGD,124,K-25757IN-4ND-RGD.jpeg,3473,148.5,Single-control
K-25759IN-4ND-RGD,124,K-25759IN-4ND-RGD.jpeg,3475,189.0,Single-control
K-25761IN-9-RGD,124,K-25761IN-9-RGD.jpeg,3477,240.3,Thermostatic
K-25764IN-RGD,124,K-25764IN-RGD.jpeg,3479,310.0,Bath
K-25765IN-RGD,124,K-25765IN-RGD.jpeg,3481,356.6,Bath
K-23486IN-4ND-RGD,124,K-23486IN-4ND-RGD.jpeg,3487,530.6,Single-control
K-23511IN-RGD,124,K-23511IN-RGD.jpeg,3495,709.0,Bath
K-23512IN-RGD,124,K-23512IN-RGD.jpeg,3497,758.1,Bath
K-72337IN-4ND-RGD,125,K-72337IN-4ND-RGD.jpeg,3502,82.8,Single-control
K-72312IN-4ND-RGD,125,K-72312IN-4ND-RGD.jpeg,3504,142.3,Single-control
K-5684IN-4ND-RGD,125,K-5684IN-4ND-RGD.jpeg,3506,203.4,Single-control
K-72328IN-4SL-RGD,125,K-72328IN-4SL-RGD.jpeg,3514,318.1,Recessed
K-5683IN-4ND-RGD,125,K-5683IN-4ND-RGD.jpeg,3520,516.9,Single-control
K-72290IN-4SL-RGD,125,K-72290IN-4SL-RGD.jpeg,3526,641.3,Recessed
K-38894IN-4ND-RGD,125,K-38894IN-4ND-RGD.jpeg,3530,721.6,Single-control
K-38893IN-4ND-RGD,126,K-38893IN-4ND-RGD.jpeg,3538,62.2,Single-control
K-38895IN-4ND-RGD,126,K-38895IN-4ND-RGD.jpeg,3542,108.6,Single-control
K-38887IN-4ND-RGD,126,K-38887IN-4ND-RGD.jpeg,3556,295.7,Single-control
K-38886IN-4ND-RGD,126,K-38886IN-4ND-RGD.jpeg,3560,373.6,Single-control
K-38888IN-4ND-RGD,126,K-38888IN-4ND-RGD.jpeg,3564,432.3,Single-control
K-38889IN-4FS-RGD,126,K-38889IN-4FS-RGD.jpeg,3568,481.6,Recessed
K-38891IN-RGD,126,K-38891IN-RGD.jpeg,3578,607.7,Bath
K-38892IN-RGD,126,K-38892IN-RGD.jpeg,3582,652.3,Bath
K-23967IN-4ND-RGD,126,K-23967IN-4ND-RGD.jpeg,3584,714.2,Single-control
K-23973IN-AA-RGD,127,K-23973IN-AA-RGD.jpeg,3600,279.1,Bath
K-9301IN-ZX-RGD,127,K-9301IN-ZX-RGD.jpeg,3604,446.0,381mm
K-26297IN-RGD,127,K-26297IN-RGD.jpeg,3606,496.8,453mm
K-9302IN-CL-RGD,127,K-9302IN-CL-RGD.jpeg,3610,561.1,330mm
K-26296IN-RGD,127,K-26296IN-RGD.jpeg,3612,623.0,353mm
K-26294IN-RGD,127,K-26294IN-RGD.jpeg,3616,744.9,353mm
K-38629IN-RGD,128,K-38629IN-RGD.jpeg,3624,73.6,305mm
K-26856IN-RGD,128,K-26856IN-RGD.jpeg,3630,195.4,305mm
K-26855IN-RGD,128,K-26855IN-RGD.jpeg,3634,259.4,254mm
K-26854IN-RGD,128,K-26854IN-RGD.jpeg,3636,316.9,254mm
K-38973IN-RGD,128,K-38973IN-RGD.jpeg,3640,391.3,254mm
K-39507IN-RGD,128,K-39507IN-RGD.jpeg,3644,452.6,254mm
K-26290IN-RGD,128,K-26290IN-RGD.jpeg,3646,532.6,202mm
K-38972IN-RGD,128,K-38972IN-RGD.jpeg,3650,588.2,203mm
K-34098IN-RGD,128,K-34098IN-RGD.jpeg,3654,663.2,Shoulder
K-34099IN-RGD,128,K-34099IN-RGD.jpeg,3658,721.0,Shoulder
K-26300IN-RGD,129,K-26300IN-RGD.jpeg,3664,78.0,Oblong
K-8002IN-ZY-RGD,129,K-8002IN-ZY-RGD.jpeg,3666,132.1,54-nozzle
K-26299IN-RGD,129,K-26299IN-RGD.jpeg,3668,200.2,Round
K-39502IN-RGD,129,K-39502IN-RGD.jpeg,3682,511.3,Round
K-30318IN-RGD,129,K-30318IN-RGD.jpeg,3686,635.8,-
K-26350IN-9-RGD,129,K-26350IN-9-RGD.jpeg,3690,715.2,Recessed
EX26349T-9-RGD,130,EX26349T-9-RGD.jpeg,3698,75.7,Recessed
K-26348IN-9-RGD,130,K-26348IN-9-RGD.jpeg,3702,133.2,Recessed
K-26347IN-9-RGD,130,K-26347IN-9-RGD.jpeg,3706,190.6,Recessed
K-20742IN-9FP-RGD,130,K-20742IN-9FP-RGD.jpeg,3708,352.9,gold
K-26324IN-RGD,130,K-26324IN-RGD.jpeg,3712,519.4,482mm
K-26326T-RGD,130,K-26326T-RGD.jpeg,3714,572.1,254mm
K-16346IN-RGD,130,K-16346IN-RGD.jpeg,3716,661.5,Wall
K-26318IN-RGD,131,K-26318IN-RGD.jpeg,3724,71.4,Wall
K-16381IN-RGD,131,K-16381IN-RGD.jpeg,3728,286.4,Wall
K-12067IN-RGD,131,K-12067IN-RGD.jpeg,3730,350.3,Hand
K-99035T-ZZ-RGD,131,K-99035T-ZZ-RGD.jpeg,3732,412.4,Hand
K-16086IN-4-RGD,131,K-16086IN-4-RGD.jpeg,3734,517.0,(2
K-16094IN-4-RGD,131,K-16094IN-4-RGD.jpeg,3736,594.8,2-way
K-16087IN-4-RGD,131,K-16087IN-4-RGD.jpeg,3738,674.6,In-line
K-20746IN-RGD,132,K-20746IN-RGD.jpeg,3747,240.2,Grid
K-75823IN-RGD,132,K-75823IN-RGD.jpeg,3749,336.1,350mm
K-7314IN-RGD,132,K-7314IN-RGD.jpeg,3751,415.8,300mm
K-7275IN-ZZ-RGD,132,K-7275IN-ZZ-RGD.jpeg,3755,494.7,27
K-25347IN-RGD,133,K-25347IN-RGD.jpeg,3767,231.7,Towel
K-25428IN-RGD,133,K-25428IN-RGD.jpeg,3769,280.3,Tumbler
K-25346IN-RGD,133,K-25346IN-RGD.jpeg,3771,346.9,Toilet
K-25429IN-RGD,133,K-25429IN-RGD.jpeg,3773,401.2,Soap
K-97347-4-BL,134,K-97347-4-BL.jpeg,3780,108.4,Single-control
K-73159T-B7-BL,134,K-73159T-B7-BL.jpeg,3784,203.3,Single-control
K-73050T-B7-BL,134,K-73050T-B7-BL.jpeg,3786,277.2,Single-control
EX28094IN-8-BL,134,EX28094IN-8-BL.jpeg,3788,351.2,Single-control
EX28093IN-8-BL,134,EX28093IN-8-BL.jpeg,3792,423.9,Single-control
K-29310IN-4ND-BL,134,K-29310IN-4ND-BL.jpeg,3794,479.0,Single-control
K-25758IN-4ND-BL,134,K-25758IN-4ND-BL.jpeg,3796,549.4,Single-control
K-25757IN-4ND-BL,134,K-25757IN-4ND-BL.jpeg,3798,625.7,Single-control
K-25759IN-4ND-BL,134,K-25759IN-4ND-BL.jpeg,3800,678.6,Single-control
K-25761IN-9-BL,134,K-25761IN-9-BL.jpeg,3802,731.4,Thermostatic
K-25764IN-BL,135,K-25764IN-BL.jpeg,3808,63.1,Bath
K-25765IN-BL,135,K-25765IN-BL.jpeg,3810,110.9,Bath
K-23475IN-4ND-BL,135,K-23475IN-4ND-BL.jpeg,3814,171.0,Single-control
K-23472IN-4ND-BL,135,K-23472IN-4ND-BL.jpeg,3818,246.1,Single-control
K-23486IN-4ND-BL,135,K-23486IN-4ND-BL.jpeg,3820,312.9,Single-control
K-23511IN-BL,135,K-23511IN-BL.jpeg,3822,363.5,Bath
K-23512IN-BL,135,K-23512IN-BL.jpeg,3824,407.3,Bath
K-72337IN-4ND-BL,135,K-72337IN-4ND-BL.jpeg,3826,484.3,Single-control
K-72312IN-4ND-BL,135,K-72312IN-4ND-BL.jpeg,3828,560.6,Single-control
K-5684IN-4ND-BL,135,K-5684IN-4ND-BL.jpeg,3830,614.9,Single-control
K-20077IN-BL,136,K-20077IN-BL.jpeg,3838,80.7,Bath
K-99061IN-BL,136,K-99061IN-BL.jpeg,3840,128.1,Bath
K-38894IN-4ND-BL,136,K-38894IN-4ND-BL.jpeg,3844,187.8,Single-control
K-38893IN-4ND-BL,136,K-38893IN-4ND-BL.jpeg,3852,258.6,Single-control
K-38887IN-4ND-BL,136,K-38887IN-4ND-BL.jpeg,3860,418.9,Single-control
K-38886IN-4ND-BL,136,K-38886IN-4ND-BL.jpeg,3864,493.5,Single-control
K-38888IN-4ND-BL,136,K-38888IN-4ND-BL.jpeg,3868,550.6,Single-control
K-38891IN-BL,136,K-38891IN-BL.jpeg,3876,669.0,Bath
K-38892IN-BL,136,K-38892IN-BL.jpeg,3880,713.6,Bath
K-23975IN-4ND-BL,137,K-23975IN-4ND-BL.jpeg,3890,223.6,Single-control
K-23974IN-AA-BL,137,K-23974IN-AA-BL.jpeg,3892,290.6,Bath
K-23973IN-AA-BL,137,K-23973IN-AA-BL.jpeg,3894,349.0,Bath
K-97168IN-BL,137,K-97168IN-BL.jpeg,3898,460.9,600mm
K-97167IN-BL,137,K-97167IN-BL.jpeg,3902,521.4,500mm
K-29959IN-BL,137,K-29959IN-BL.jpeg,3904,583.5,425mm
K-9301IN-CL-BL,137,K-9301IN-CL-BL.jpeg,3908,647.8,381mm
K-26297IN-BL,137,K-26297IN-BL.jpeg,3912,711.5,453mm
K-9302IN-CL-BL,138,K-9302IN-CL-BL.jpeg,3920,77.0,330mm
K-26296IN-BL,138,K-26296IN-BL.jpeg,3924,134.2,353mm
K-24470IN-BL,138,K-24470IN-BL.jpeg,3928,205.1,230mm
K-26294IN-BL,138,K-26294IN-BL.jpeg,3930,256.0,353mm
K-38629IN-BL,138,K-38629IN-BL.jpeg,3934,330.2,305mm
K-27731IN-BL,138,K-27731IN-BL.jpeg,3938,395.5,230mm
K-26856IN-BL,138,K-26856IN-BL.jpeg,3942,450.0,305mm
K-26855IN-BL,138,K-26855IN-BL.jpeg,3946,510.1,254mm
K-26854IN-BL,138,K-26854IN-BL.jpeg,3948,570.9,254mm
K-38973IN-BL,138,K-38973IN-BL.jpeg,3952,633.7,254mm
K-39507IN-BL,138,K-39507IN-BL.jpeg,3956,694.7,254mm
K-73040IN-CL-BL,138,K-73040IN-CL-BL.jpeg,3960,757.2,254mm
K-73039IN-CL-BL,139,K-73039IN-CL-BL.jpeg,3968,73.6,254mm
K-34098IN-BL,139,K-34098IN-BL.jpeg,3972,158.8,Shoulder
K-34099IN-BL,139,K-34099IN-BL.jpeg,3976,217.3,Shoulder
K-26300IN-BL,139,K-26300IN-BL.jpeg,3980,272.2,Oblong
K-8002IN-BL,139,K-8002IN-BL.jpeg,3982,332.8,54-nozzle
K-26290IN-BL,139,K-26290IN-BL.jpeg,3986,472.2,202mm
K-38972IN-BL,139,K-38972IN-BL.jpeg,3990,538.6,203mm
K-28694IN-BL,139,K-28694IN-BL.jpeg,3994,618.9,Round
K-28695IN-BL,139,K-28695IN-BL.jpeg,3998,691.3,Oblong
K-39502IN-BL,140,K-39502IN-BL.jpeg,4006,73.1,Round
K-98445IN-BL,140,K-98445IN-BL.jpeg,4008,152.0,Square
K-30318IN-BL,140,K-30318IN-BL.jpeg,4010,271.5,-
K-28214IN-BL,140,K-28214IN-BL.jpeg,4014,408.8,2-6
K-26350IN-9-BL,140,K-26350IN-9-BL.jpeg,4018,481.1,Recessed
EX26349T-9-BL,140,EX26349T-9-BL.jpeg,4022,535.7,Recessed
K-26348IN-9-BL,140,K-26348IN-9-BL.jpeg,4026,595.4,Recessed
K-26347IN-9-BL,140,K-26347IN-9-BL.jpeg,4030,656.6,Recessed
K-20742IN-9FP-BL,141,K-20742IN-9FP-BL.jpeg,4038,72.6,Thermostatic
K-99924IN-BL,141,K-99924IN-BL.jpeg,4042,213.2,3
K-26324IN-BL,141,K-26324IN-BL.jpeg,4044,293.9,482mm
K-26326T-BL,141,K-26326T-BL.jpeg,4046,347.7,254mm
K-22446IN-BL,141,K-22446IN-BL.jpeg,4050,488.9,Wall
K-26318IN-BL,141,K-26318IN-BL.jpeg,4054,544.0,Wall
K-22448IN-BL,141,K-22448IN-BL.jpeg,4058,745.1,Wall
K-99035IN-BL,142,K-99035IN-BL.jpeg,4067,175.9,Bracket
K-80158IN-9-BL,142,K-80158IN-9-BL.jpeg,4069,287.7,Square
K-20746IN-BL,142,K-20746IN-BL.jpeg,4073,465.9,Grid
K-75823IN-BL,142,K-75823IN-BL.jpeg,4075,551.7,350mm
K-7275IN-ZZ-BL,142,K-7275IN-ZZ-BL.jpeg,4079,644.8,27
K-98100IN-ZZ-BL,142,K-98100IN-ZZ-BL.jpeg,4083,724.1,(with
K-25348IN-BL,143,K-25348IN-BL.jpeg,4091,178.8,610mm
K-25347IN-BL,143,K-25347IN-BL.jpeg,4095,270.6,Towel
K-25428IN-BL,143,K-25428IN-BL.jpeg,4097,312.0,Tumbler
K-25346IN-BL,143,K-25346IN-BL.jpeg,4099,367.3,Toilet
K-25429IN-BL,143,K-25429IN-BL.jpeg,4101,411.6,Soap
K-25349IN-BL,143,K-25349IN-BL.jpeg,4103,455.5,Single
K-73159IN-7-BRD,144,K-73159IN-7-BRD.jpeg,4110,105.4,Single-control
K-73061IN-7-BRD,144,K-73061IN-7-BRD.jpeg,4116,228.7,Single-control
K-23475IN-4ND-BRD,144,K-23475IN-4ND-BRD.jpeg,4120,295.6,Single-control
K-23472IN-4ND-BRD,144,K-23472IN-4ND-BRD.jpeg,4124,360.9,Single-control
K-23486IN-4ND-BRD,144,K-23486IN-4ND-BRD.jpeg,4128,412.9,Single-control
K-23496IN-4SL-BRD,144,K-23496IN-4SL-BRD.jpeg,4132,462.9,Recessed
K-23511IN-BRD,144,K-23511IN-BRD.jpeg,4136,521.5,Bath
K-23512IN-BRD,144,K-23512IN-BRD.jpeg,4140,564.8,Bath
K-5684IN-4ND-BRD,144,K-5684IN-4ND-BRD.jpeg,4152,743.2,Single-control
K-72328IN-4SL-BRD,145,K-72328IN-4SL-BRD.jpeg,4168,140.5,Recessed
K-72298IN-4ND-BRD,145,K-72298IN-4ND-BRD.jpeg,4172,220.9,Single-control
K-72275IN-4ND-BRD,145,K-72275IN-4ND-BRD.jpeg,4176,280.5,Single-control
K-5683IN-4ND-BRD,145,K-5683IN-4ND-BRD.jpeg,4180,329.3,Wall
K-72290IN-4SL-BRD,145,K-72290IN-4SL-BRD.jpeg,4192,444.0,Recessed
K-38894IN-4ND-BRD,145,K-38894IN-4ND-BRD.jpeg,4196,524.1,Single-control
K-38893IN-4ND-BRD,145,K-38893IN-4ND-BRD.jpeg,4200,585.2,Single-control
K-38895IN-4ND-BRD,145,K-38895IN-4ND-BRD.jpeg,4204,636.5,Single-control
K-38887IN-4ND-BRD,146,K-38887IN-4ND-BRD.jpeg,4224,80.1,Single-control
K-38886IN-4ND-BRD,146,K-38886IN-4ND-BRD.jpeg,4228,149.5,Single-control
K-38888IN-4ND-BRD,146,K-38888IN-4ND-BRD.jpeg,4232,203.2,Single-control
K-38889IN-4FS-BRD,146,K-38889IN-4FS-BRD.jpeg,4240,323.7,Recessed
K-38891IN-BRD,146,K-38891IN-BRD.jpeg,4244,388.2,Bath
K-38892IN-BRD,146,K-38892IN-BRD.jpeg,4248,439.3,Bath
K-26297IN-BRD,146,K-26297IN-BRD.jpeg,4256,599.0,453mm
K-9302IN-CL-BRD,146,K-9302IN-CL-BRD.jpeg,4260,668.6,330mm
K-26296IN-BRD,146,K-26296IN-BRD.jpeg,4264,729.9,353mm
K-26294IN-BRD,147,K-26294IN-BRD.jpeg,4272,76.5,353mm
K-38629IN-BRD,147,K-38629IN-BRD.jpeg,4276,145.6,305mm
K-26856IN-BRD,147,K-26856IN-BRD.jpeg,4280,193.4,305mm
K-26855IN-BRD,147,K-26855IN-BRD.jpeg,4284,251.4,254mm
K-38973IN-BRD,147,K-38973IN-BRD.jpeg,4288,313.0,254mm
K-39507IN-BRD,147,K-39507IN-BRD.jpeg,4292,374.6,254mm
K-26290IN-BRD,147,K-26290IN-BRD.jpeg,3646,455.9,202mm
K-38972IN-BRD,147,K-38972IN-BRD.jpeg,4296,516.8,203mm
K-34098IN-BRD,147,K-34098IN-BRD.jpeg,4300,601.2,Shoulder
K-34099IN-BRD,147,K-34099IN-BRD.jpeg,4304,659.7,Shoulder
K-26300IN-BRD,147,K-26300IN-BRD.jpeg,4308,716.7,Oblong
K-8002IN-BRD,148,K-8002IN-BRD.jpeg,4316,75.7,54-nozzle
K-26299IN-BRD,148,K-26299IN-BRD.jpeg,4320,150.4,Round
K-28694IN-BRD,148,K-28694IN-BRD.jpeg,4324,223.1,Round
K-28695IN-BRD,148,K-28695IN-BRD.jpeg,4328,296.8,Oblong
K-39502IN-BRD,148,K-39502IN-BRD.jpeg,4332,366.5,Round
K-98445IN-BRD,148,K-98445IN-BRD.jpeg,4336,440.0,Square
K-26350IN-9-BRD,148,K-26350IN-9-BRD.jpeg,4340,544.7,Recessed
K-26348IN-9-BRD,148,K-26348IN-9-BRD.jpeg,4344,603.5,Recessed
K-26347IN-9-BRD,148,K-26347IN-9-BRD.jpeg,4348,662.4,Recessed
K-20741IN-9FP-BRD,149,K-20741IN-9FP-BRD.jpeg,4364,139.8,Thermostatic
K-26324IN-BRD,149,K-26324IN-BRD.jpeg,4368,222.3,482mm
K-26326IN-BRD,149,K-26326IN-BRD.jpeg,4372,269.7,254mm
K-16346IN-BRD,149,K-16346IN-BRD.jpeg,4378,408.0,Wall
K-26318IN-BRD,149,K-26318IN-BRD.jpeg,4382,456.1,Wall
K-16381IN-BRD,149,K-16381IN-BRD.jpeg,4386,531.0,Wall
K-12067IN-BRD,149,K-12067IN-BRD.jpeg,4390,597.7,1.5M
K-99035IN-BRD,149,K-99035IN-BRD.jpeg,4394,653.4,Bracket
K-10386IN-BRD,149,K-10386IN-BRD.jpeg,4398,725.9,Bath
K-10385IN-BRD,150,K-10385IN-BRD.jpeg,4406,72.7,Bath
K-16086IN-4-BRD,150,K-16086IN-4-BRD.jpeg,4410,169.4,(2
K-16094IN-4-BRD,150,K-16094IN-4-BRD.jpeg,4414,250.7,2-way
K-16087IN-4-BRD,150,K-16087IN-4-BRD.jpeg,4418,332.6,In-line
K-20746IN-BRD,150,K-20746IN-BRD.jpeg,4430,564.5,Grid
K-7314IN-BRD,150,K-7314IN-BRD.jpeg,4438,727.6,300mm
K-7275IN-ZZ-BRD,151,K-7275IN-ZZ-BRD.jpeg,4446,95.4,27
K-97258IN-ZZ-BRD,151,K-97258IN-ZZ-BRD.jpeg,4450,175.3,Health
K-25348IN-BRD,151,K-25348IN-BRD.jpeg,4454,270.3,610mm
K-25347IN-BRD,151,K-25347IN-BRD.jpeg,4462,391.3,Towel
K-25428IN-BRD,151,K-25428IN-BRD.jpeg,4466,435.4,Tumbler
K-25346IN-BRD,151,K-25346IN-BRD.jpeg,4470,494.7,Toilet
K-25429IN-BRD,151,K-25429IN-BRD.jpeg,4474,551.9,Soap
K-25349IN-BRD,151,K-25349IN-BRD.jpeg,4478,608.8,Single
K-77748IN-4-VS,157,K-77748IN-4-VS.jpeg,4606,465.9,Touchless
K-72511IN-SD-CP,157,K-72511IN-SD-CP.jpeg,4610,603.9,Pulldown
K-77764IN-SD-VS,157,K-77764IN-SD-VS.jpeg,4612,670.5,Pulldown
K-13963T-C4-VS,157,K-13963T-C4-VS.jpeg,4614,737.3,Pulldown
K-13963T-C4-CP,158,K-13963T-C4-CP.jpeg,4620,66.7,Pulldown
K-562IN-SD-VS,158,K-562IN-SD-VS.jpeg,4622,135.4,Pull-down
K-75373IN-4-CP,158,K-75373IN-4-CP.jpeg,4624,199.1,Tube
K-20593IN-4-CP,158,K-20593IN-4-CP.jpeg,4638,596.5,Wall
K-37315IN-4-CP,158,K-37315IN-4-CP.jpeg,4640,656.8,2
K-99483IN-A4-CP,158,K-99483IN-A4-CP.jpeg,4642,720.0,Single
K-20591IN-4-CP,159,K-20591IN-4-CP.jpeg,4648,73.9,Wall
K-37314IN-4-CP,159,K-37314IN-4-CP.jpeg,4654,201.7,Single
K-20588IN-4-CP,159,K-20588IN-4-CP.jpeg,4656,268.0,Wall
K-99482IN-4-CP,159,K-99482IN-4-CP.jpeg,4660,330.7,Wall
K-29309IN-4-CP,159,K-29309IN-4-CP.jpeg,4662,407.1,Wall
K-29307IN-4-CP,159,K-29307IN-4-CP.jpeg,4664,467.8,Wall
K-29308IN-4-CP,159,K-29308IN-4-CP.jpeg,4666,534.7,Wall
K-20627IN-K-0,161,K-20627IN-K-0.jpeg,4679,115.9,Integrated
K-18777IN-K-0,161,K-18777IN-K-0.jpeg,4681,186.3,Drop-in
K-1709IN-K-0,161,K-1709IN-K-0.jpeg,4683,264.7,Drop-in
K-1404IN-K-0,161,K-1404IN-K-0.jpeg,4685,342.4,Drop-in
K-1704T-Z-0,161,K-1704T-Z-0.jpeg,4687,433.1,Drop-in
K-1707T-Z-0,161,K-1707T-Z-0.jpeg,4691,498.9,1.7M
K-18778T-0,161,K-18778T-0.jpeg,4693,574.0,Drop-in
K-18775T-0,161,K-18775T-0.jpeg,4695,642.6,1670mm
K-15848T-0,161,K-15848T-0.jpeg,4697,721.6,1500mm
K-25164T-0,162,K-25164T-0.jpeg,4706,88.4,1.7M
K-25165T-0,162,K-25165T-0.jpeg,4708,168.7,1.7M
K-97367T-B4-CP,162,K-97367T-B4-CP.jpeg,4712,362.7,Floor
K-73087T-B4-CP,162,K-73087T-B4-CP.jpeg,4714,490.3,Floor
K-97360T-B4-CP,163,K-97360T-B4-CP.jpeg,4726,86.7,Deck-mount
K-73081T-4-CP,163,K-73081T-4-CP.jpeg,4728,156.0,Deck-mount
K-37312IN-B4-CP,163,K-37312IN-B4-CP.jpeg,4730,225.0,3-hole
K-16321IN-SS-0,165,K-16321IN-SS-0.jpeg,4744,123.3,332mm
K-21839T-2ER-0,165,K-21839T-2ER-0.jpeg,4746,227.5,307mm
K-18645IN-SS-0,165,K-18645IN-SS-0.jpeg,4750,328.3,332mm
K-20713IN-ER-7,165,K-20713IN-ER-7.jpeg,4752,430.5,Urinal
K-20713IN-ER-0,165,K-20713IN-ER-0.jpeg,4756,524.6,Urinal
K-4978IN-ER-0,165,K-4978IN-ER-0.jpeg,4760,619.8,Urinal
K-26474IN-ER-0,165,K-26474IN-ER-0.jpeg,4762,713.1,326mm
K-24199IN-C03-CP,166,K-24199IN-C03-CP.jpeg,4772,188.8,chrome
K-24199IN-C01-CP,166,K-24199IN-C01-CP.jpeg,4776,257.3,Urinal
K-16305IN-NA,166,K-16305IN-NA.jpeg,4778,312.5,Power
K-26845IN-NA,166,K-26845IN-NA.jpeg,4780,366.8,AC
K-29937IN-CP,166,K-29937IN-CP.jpeg,4782,451.1,Touchless
EX25998T-NW-CP,166,EX25998T-NW-CP.jpeg,4784,523.9,Wall
K-8399IN-CP,166,K-8399IN-CP.jpeg,4786,584.5,Touchless
K-72866IN-ND-CP,166,K-72866IN-ND-CP.jpeg,4788,668.3,Deck
K-18655IN-ND-CP,166,K-18655IN-ND-CP.jpeg,4790,737.7,Sensor
K-24270IN-ND-CP,167,K-24270IN-ND-CP.jpeg,4800,151.3,Duo
K-18656IN-NDR-CP,167,K-18656IN-NDR-CP.jpeg,4806,298.0,chrome
